TargetType,Target,AccessionNum,Clone,HumanGeneName,DataSheetFileName,IsoType,ValidationT,ValidationBrIB,ValidationBrIHC,ValidationKO,RRIDAB
"Epigenetics","5-formylcytidine","","N358/68","----","N358_68.pdf","IgG1","NA","NA","NA","NA","2877251"
"Epigenetics","5-hydroxymethylcytidine","","N297/59","----","N297_59.pdf","IgG2a","NA","NA","NA","NA","2877253"
"Tag","6xHis","","N144/14","----","N144_14.pdf","IgG1","Pass","NA","NA","NA","2877254"
"Receptors","ADAM11","Q9R1V4","N441/35","ADAM11","N441_35.pdf","IgG2b","Pass","Pass","Pass","ND","2877610"
"Receptors","ADAM22 (cytoplasmic)","Q9R1V6","N46/30","ADAM22","N46_30.pdf","IgG2b","Pass","Pass","Pass","Pass","2877292"
"Receptors","ADAM22 (extracellular)","Q9R1V6","N57/2","ADAM22","N57_2.pdf","IgG1","Pass","Pass","Pass","Pass","2877272"
"Rare Disease","AGPS neo-epitope","O00116","N444/63","AGPS","N444_63.pdf","IgG1","ND","Pass","Pass","ND","2877559"
"Other","Aldh1L1 (blotting)","P28037","N103/39","ALDH1L1","N103_39.pdf","IgG1","Pass","Pass","ND","ND","2877301"
"Other","Aldh1L1 (staining)","P28037","N103/31","ALDH1L1","N103_31.pdf","IgG1","Pass","Fail","Pass","ND","2877522"
"Rare Disease","Alg13","Q9D8C3-2","N442/28","ALG13","N442_28.pdf","IgG2b","Pass","Pass","Pass","ND","2877611"
"Receptors","Alpha-2C adrenergic receptor","P18825","N330A/80","ADRA2C","N330A_80.pdf","IgG1","Pass","Pass","ND","Pass","2877298"
"Receptors","Alpha-2C adrenergic receptor","P18825","N330A/51","ADRA2C","N330A_51.pdf","IgG2a","Pass","Pass","ND","Pass","2877299"
"Other","AMIGO-1","Q80ZD8","L86/33","AMIGO1","L86_33.pdf","IgG2a","Pass","Pass","Pass","Pass","2877196"
"Other","AMIGO-1","Q80ZD8","L86/36","AMIGO1","L86_36.pdf","IgG1","Pass","Pass","Pass","Pass","2877356"
"Other","AMIGO-1","Q80ZD8","L86A/37","AMIGO1","L86A_37.pdf","IgG2b","Pass","Pass","Pass","Pass","2877364"
"Scaffolds","Ankyrin-B","Q01484","N105/13","ANK2","N105_13.pdf","IgG1","Pass","Pass","Pass","ND","2877371"
"Scaffolds","Ankyrin-B","Q01484","N105/17","ANK2","N105_17.pdf","IgG2a","Pass","Pass","Pass","ND","2877200"
"Scaffolds","Ankyrin-G (blotting)","E9PE32","N106/20","ANK3","N106_20.pdf","IgG1","Pass","Pass","Fail","ND","2877210"
"Scaffolds","Ankyrin-G (staining)","E9PE32","N106/36","ANK3","N106_36.pdf","IgG2a","Pass","Fail","Pass","ND","2877524"
"Scaffolds","Ankyrin-G (staining)","E9PE32","N106/65","ANK3","N106_65.pdf","IgG2b","Pass","Fail","Pass","ND","2877525"
"Scaffolds","Ankyrin-G (staining)","E9PE32","N106/43","ANK3","N106_43.pdf","IgG1","Pass","ND","Pass","ND","2877527"
"Scaffolds","Ankyrin-R","P16157","N388A/10","ANK1","N388A_10.pdf","IgG2b","Pass","Pass","Pass","Pass","2877623"
"Scaffolds","Ankyrin-R + Ankyrin-G","P16157","N388A/27","ANK1","N388A_27.pdf","IgG2b","Pass","Pass","Pass","NA","2877590"
"Ion channels","ANO3/TMEM16C","A2AHL1","N454/91","ANO3","N454_91.pdf","IgG2b","Pass","Pass","ND","ND","2877185"
"Ion channels","ANO5/TMEM16E","Q75V66","N421A/85","ANO5","N421A_85.pdf","IgG1","Pass","NA","NA","NA","2877213"
"Ion channels","ANO6/TMEM16F","Q4KMQ2","N429/19","ANO6","N429_19.pdf","IgG2b","Pass","Pass","Pass","Pass","2877182"
"Other","ARHGAP4","Q8VHL8","N290B/25","ARHGAP4","N290B_25.pdf","IgG1","Pass","Pass","Pass","ND","2877401"
"Rare Disease","Arl13b","Q640N2","N295B/66","ARL13B","N295B_66.pdf","IgG2a","Pass","Pass","Pass","Pass","2877361"
"Other","Arx","O35085","N411/51","ARX","N411_51.pdf","IgG1","Pass","Pass","Pass","Pass","2877617"
"Ion channels","ASIC1","Q6NXK8","N271/44","ASIC1","N271_44.pdf","IgG1","Pass","Pass","Pass","Pass","2877357"
"Rare Disease","ATAT1","Q5SQI0","N347/42","ATAT1","N347_42.pdf","IgG1","Pass","Pass","Fail","Pass","2877217"
"Rare Disease","Ataxin-1, 11NQ","P54254","N76/8","ATXN1","N76_8.pdf","IgG2b","Pass","Pass","Pass","Pass","2877293"
"Rare Disease","Ataxin-1, 11NQ","P54254","N76/3","ATXN1","N76_3.pdf","IgG1","Pass","Pass","Pass","Pass","2877273"
"Rare Disease","Ataxin-1, WT","P54254","N65/37","ATXN1","N65_37.pdf","IgG1","Pass","ND","ND","ND","2877501"
"Other","ATF4","P18848","N360A/24","ATF4","N360A_24.pdf","IgG2a","Pass","Pass","Pass","ND","2877413"
"Other","BAF53a","O96019","N336B/83","ACTL6A","N336B_83.pdf","IgG2b","Pass","ND","ND","ND","2877464"
"Other","BAF53b","O94805","N332B/15","ACTL6B","N332B_15.pdf","IgG1","Pass","Pass","Pass","Pass","2877422"
"Other","Bassoon","O88778","L124/59","BSN","L124_59.pdf","IgG2b","Pass","Pass","Pass","ND","2716712"
"Rare Disease","BBS3/Arl6","Q9H0F7","N302/10","ARL6","N302_10.pdf","IgG1","Pass","Pass","Pass","ND","2877402"
"Rare Disease","BBS5","Q8N3I7","N304B/115","BBS5","N304B_115.pdf","IgG2a","Pass","Pass","ND","ND","2877473"
"Other","BDNF","P21237","N450/53","BDNF","N450_53.pdf","IgG2b","Fail","Pass","Pass","ND","2877558"
"Scaffolds","Beta1-spectrin","P11277","N385/21","SPTBN1","N385_21.pdf","IgG2b","Pass","Pass","Pass","ND","2877418"
"Scaffolds","Beta4-spectrin","Q9H254","N393/2","SPTBN4","N393_2.pdf","IgG1","Pass","Pass","Pass","ND","2877403"
"Scaffolds","Beta4-spectrin","Q9H254","N393/76","SPTBN4","N393_76.pdf","IgG2b","Pass","Pass","Pass","ND","2877419"
"K+ channels","BKbeta2 K+ channel","Q9CZM9","N53/32","KCNMB2","N53_32.pdf","IgG2a","Pass","Pass","ND","ND","2877302"
"K+ channels","BKbeta3a K+ channel","XP_989315","N40B/18","KCNMB3","N40B_18.pdf","IgG1","Pass","Pass","Pass","ND","2877307"
"K+ channels","BKbeta4 K+ channel","Q9JIN6","L18A/3","KCNMB4","L18A_3.pdf","IgG2a","Pass","ND","ND","ND","2877503"
"Other","Botch","B3STU3","N116/14","CHAC1","N116_14.pdf","IgG1","Pass","Fail","Pass","ND","2877510"
"Scaffolds","Bral1","Q9ESM3","N364/10","HAPLN2","N364_10.pdf","IgG2b","Pass","Pass","Pass","Pass","2877436"
"Scaffolds","Bral1","Q9ESM3","N364/42","HAPLN2","N364_42.pdf","IgG2a","Pass","Pass","Pass","Pass","2877430"
"Scaffolds","Brevican","P55068","N294A/6","BCAN","N294A_6.pdf","IgG2b","Pass","Pass","Pass","Pass","2877365"
"Scaffolds","Brevican","P55068","N294A/10","BCAN","N294A_10.pdf","IgG2a","Pass","Fail","Pass","Pass","2877509"
"Other","Calbindin","P05937","L109/39","CALB1","L109_39.pdf","IgG2b","Pass","Pass","Pass","ND","2877181"
"Other","Calbindin","P05937","L109/57","CALB1","L109_57.pdf","IgG1","Pass","Pass","Pass","ND","2877197"
"Other","Calretinin","P22676","L122/6","CALB2","L122_6.pdf","IgG2b","Pass","Pass","Pass","ND","2716256"
"Other","Calretinin","P22676","L122/68","CALB2","L122_68.pdf","IgG2a","Pass","Pass","Pass","ND","2716257"
"Scaffolds","CASK","O14936","K56A/50","CASK","K56A_50.pdf","IgG1","Pass","Pass","Pass","Pass","2877188"
"CAMs","CASPR/Neurexin IV","P97846","K65/35","CNTNAP1","K65_35.pdf","IgG1","Pass","Pass","Pass","Pass","2877274"
"CAMs","CASPR2","Q9UHC6","K67/25","CNTNAP2","K67_25.pdf","IgG2a","Pass","Pass","Pass","Pass","2877287"
"Ca2+ channels","Cav1.2 + Cav1.3 Ca2+ channels","P15381","L57/46","CACNA1C","L57_46.pdf","IgG2b","Pass","Pass","Pass","ND","2877240"
"Ca2+ channels","Cav1.2 Ca2+ channel","P22002","N263/31","CACNA1C","N263_31.pdf","IgG2b","Pass","Pass","ND","ND","2877476"
"Ca2+ channels","Cav1.3 Ca2+ channel","P27732","L48A/9","CACNA1D","L48A_9.pdf","IgG2a","Pass","Pass","Pass","ND","2877328"
"Ca2+ channels","Cav1.3 Ca2+ channel","P27732","N38/8","CACNA1D","N38_8.pdf","IgG1","Pass","Pass","Pass","ND","2877308"
"Ca2+ channels","Cav3.1 Ca2+ channel","Q9WUT2","N178A/9","CACNA1G","N178A_9.pdf","IgG1","Pass","Pass","Pass","Pass","2877341"
"Ca2+ channels","Cav3.2 Ca2+ channel","O95180","N55/10","CACNA1H","N55_10.pdf","IgG1","Pass","Fail","Pass","Pass","2877239"
"Ca2+ channels","Cavbeta1 Ca2+ channel","Q02641","N7/18","CACNB1","N7_18.pdf","IgG2a","Pass","Pass","Pass","ND","2877329"
"Ca2+ channels","Cavbeta2 Ca2+ channel","Q8VGC3","N8B/1","CACNB2","N8B_1.pdf","IgG1","Pass","Pass","Pass","ND","2877309"
"Ca2+ channels","Cavbeta3 Ca2+ channel","P54284","N473/36","CACNB3","N473_36.pdf","IgG2b","Pass","Pass","Fail","ND","2877184"
"Ca2+ channels","Cavbeta4 Ca2+ channel","D4A055","N10/7","CACNB4","N10_7.pdf","IgG1","Pass","Pass","Pass","ND","2877310"
"Other","Cdkl5","O76039","EA7","CDKL5","EA7.pdf","IgG2b","ND","Pass","Pass","Pass","2877560"
"Epigenetics","CDY1 + CDY2","Q9Y6F8","N143/38","CDY1","N143_38.pdf","IgG1","Pass","ND","ND","ND","2877514"
"Epigenetics","CDY1+2+L1+L2","Q9Y6F","N143/36","CDY1","N143_36.pdf","IgG1","Pass","ND","ND","ND","2877540"
"Other","CELF4/BRUNOL4","Q9BZC1","N446/80","CELF4","N446_80.pdf","IgG2a","Pass","Pass","Pass","ND","2877602"
"Other","c-Fos","P01100","N486/32","FOS","N486_32.pdf","IgG2a","Pass","Pass","Pass","ND","2756368"
"Other","c-Fos","P01100","N486/76","FOS","N486_76.pdf","IgG1","Pass","Pass","Pass","ND","2833039"
"Ion channels","Clcn3","P51790","N258/5","CLCN3","N258_5.pdf","IgG1","ND","Pass","Pass","Pass","2877340"
"Ion channels","Clcn4","P51793","N222/6","CLCN4","N222_6.pdf","IgG1","Pass","Pass","Pass","ND","2877404"
"Ion channels","Clcn5","P51796","N406/47","CLCN5","N406_47.pdf","IgG1","Pass","Fail","Pass","ND","2877562"
"Other","CLN3","Q13286","N380/87","CLN3","N380_87.pdf","IgG1","Pass","Fail","Fail","Fail","2877561"
"Other","CLN6","Q9NWW5","N400/24","CLN6","N400_24.pdf","IgG2b","Pass","NA","NA","ND","2877580"
"Ion channels","CNGA1 + CNGA3","Q804I6","L36/12","----","L36_12.pdf","IgG1","Pass","Fail","Fail","ND","2877490"
"Other","Collybistin","Q9QX73","L120/12","ARHGEF9","L120_12.pdf","IgG1","Pass","Pass","Fail","ND","2877233"
"Other","Collybistin","Q9QX73","L120/30","ARHGEF9","L120_30.pdf","IgG1","Pass","Fail","Pass","ND","2877231"
"CAMs","Contactin/F3","Q63198","K73/20","CNTN1","K73_20.pdf","IgG1","Pass","Pass","Pass","ND","2877311"
"Transporters","Copper ATPase 1 (Menke's disease protein)","Q04656","L60/4","ATP7A","L60_4.pdf","IgG2b","Pass","Pass","Pass","Pass","2877339"
"Transporters","Copper ATPase 2 (Wilson's disease protein)","P35670","L62/29","ATP7B","L62_29.pdf","IgG1","Pass","Pass","ND","ND","2877303"
"Other","Co-Rest/RCOR1","Q9UKL0","K72/8","RCOR1","K72_8.pdf","IgG1","Pass","ND","ND","ND","2877502"
"Other","DEPDC5","O75140","N463/52","DEPDC5","N463_52.pdf","IgG2b","Pass","Pass","Pass","ND","2877187"
"Epigenetics","Dicer","Q8R418","N167/7","DICER1","N167_7.pdf","IgG1","ND","Pass","ND","Pass","2877442"
"Other","DLX1","P56177","L43/40","DLX1","L43_40.pdf","IgG2a","Pass","ND","Pass","Pass","2877489"
"Validation in progress","DNAH1","Q9P2D7","N251/14","DNAH1","N251_14.pdf","IgG1","ND","Fail","Fail","ND","2877555"
"Validation in progress","DNAH7","Q8WXX0","N250/21","DNAH7","N250_21.pdf","IgG1","ND","Fail","Fail","ND","2877556"
"Rare Disease","DNAIC1","Q9UI46","UNC 65.56.18.11","DNAI1","UNC65561811.pdf","IgG1","Pass","Fail","ND","Pass","2877212"
"Epigenetics","DNMT3L","Q9UJW3","N117/9","DNMT3L","N117_9.pdf","IgG1","Pass","ND","ND","ND","2877221"
"Other","Doc2b","P70610","N150/21","DOC2B","N150_21.pdf","IgG1","Pass","Pass","Pass","ND","2877199"
"Receptors","Dopamine D2 receptor","P61169","N186/29","DRD2","N186_29.pdf","IgG1","ND","Fail","Pass","ND","2877225"
"Validation in progress","Dopamine D3 receptor","P35462","N331/19","DRD3","N331_19.pdf","IgG2a","Pass","ND","ND","ND","2877526"
"Transporters","EAAC1","P51907","N420/24","SLC1A1","N420_24.pdf","IgG2b","Pass","Pass","Pass","ND","2877612"
"Other","FGF11/FHF3","Q92914","N92/14","FGF11","N92_14.pdf","IgG2b","Pass","Fail","Fail","ND","2877533"
"Other","FGF12/FHF1","P61328","N94/17","FGF12","N94_17.pdf","IgG1","Pass","Fail","Fail","ND","2877535"
"Other","FGF13/FHF2","Q92913","N91/27","FGF13","N91_27.pdf","IgG1","Pass","Fail","Fail","ND","2877531"
"Other","FGF13/FHF2, B isoform","Q92913-2","N225A/10","FGF13","N225A_10.pdf","IgG2a","Pass","Pass","ND","ND","2877474"
"Other","FGF14/FHF4","O89096","N56/21","FGF14","N56_21.pdf","IgG1","Pass","Fail","Pass","Pass","2877487"
"Rare Disease","Fig4/Sac3","Q91WF7","N202/7","FIG4","N202_7.pdf","IgG1","Pass","Pass","Pass","Pass","2877275"
"Other","Flrt3","Q8BGT1","N353/13","FLRT3","N353_13.pdf","IgG1","Pass","Fail","Fail","ND","2877548"
"Other","Foxi2","A2RTG9","N349/96","FOXI2","N349_96.pdf","IgG2a","Pass","ND","ND","ND","2877463"
"Other","Foxi3","E0CZH3","N359/28","FOXI3","N359_28.pdf","IgG1","Pass","ND","ND","ND","2877462"
"Rare Disease","Frataxin","Q16595","N191/7","FXN","N191_7.pdf","IgG2b","Pass","ND","ND","ND","2877223"
"Receptors","GABA(A)R, Alpha1","P14867","N95/35","GABRA1","N95_35.pdf","IgG2a","Pass","Pass","Pass","Pass","2877288"
"Receptors","GABA(A)R, Alpha2","P23576","N399/19","GABRA2","N399_19.pdf","IgG1","Pass","Pass","Pass","Pass","2877202"
"Receptors","GABA(A)R, Alpha4","P28471","N398A/34","GABRA4","N398A_34.pdf","IgG1","Pass","Pass","Pass","ND","2877593"
"Receptors","GABA(A)R, Alpha5","P31644","N415/24","GABRA5","N415_24.pdf","IgG1","Pass","Pass","Pass","Pass","2877618"
"Receptors","GABA(A)R, Alpha6","P16305","N229A/32","GABRA6","N229A_32.pdf","IgG1","Pass","Fail","Pass","ND","2877565"
"Receptors","GABA(A)R, Beta1","P50571","N96/55","GABRB1","N96_55.pdf","IgG1","Pass","Pass","Pass","ND","2877312"
"Receptors","GABA(A)R, Beta2+3","P28472","62-3G1","GABRB3","62-3G1.pdf","IgG1","Pass","Pass","Pass","NA","2877268"
"Receptors","GABA(A)R, Beta3","P63080","N87/25","GABRB3","N87_25.pdf","IgG1","Pass","Pass","Pass","ND","2877372"
"Receptors","GABA(A)R, Delta","P18506","N151/3","GABRD","N151_3.pdf","IgG2a","Pass","Pass","Pass","ND","2877385"
"Receptors","GABA(A)R, Epsilon","P78334","N413/67","GABRE","N413_67.pdf","IgG2a","Pass","Pass","Pass","ND","2877601"
"Receptors","GABA(A)R, Gamma2L","P18507-2","N452/69","GABRG2","N452_69.pdf","IgG2a","Pass","Pass","Pass","ND","2877603"
"Receptors","GABA(A)R, Gamma2L+S","P18507-2","N452/73","GABRG2","N452_73.pdf","IgG1","Pass","Fail","Pass","ND","2714202"
"Receptors","GABA(A)R, Gamma2L+S","P18507-2","N452/30","GABRG2","N452_30.pdf","IgG2b","Pass","Pass","Pass","ND","2714201"
"Receptors","GABA(A)R, Pi","O00591","N431/64","GABRP","N431_64.pdf","IgG2a","Pass","NA","NA","ND","2877576"
"Receptors","GABA(A)R, Theta","Q9UN88","L123/109","GABRQ","L123_109.pdf","IgG1","Pass","Fail","Pass","ND","2725816"
"Receptors","GABA(B)R1","Q9Z0U4","N93A/49","GABBR1","N93A_49.pdf","IgG1","Pass","Pass","Pass","Pass","2877342"
"Receptors","GABA(B)R2","O75899","N81/2","GABBR2","N81_2.pdf","IgG1","Pass","Pass","Pass","Pass","2877276"
"Receptors","GABA(B)R2","O75899","N81/37","GABBR2","N81_37.pdf","IgG1","Pass","Pass","Pass","Pass","2877277"
"Other","GAD65 + GAD67","Q99259","L127/12","GAD1","L127_12.pdf","IgG2a","Pass","Pass","Pass","ND","2756510"
"Other","GAD67","Q99259","L127/8","GAD1","L127_8.pdf","IgG2b","Pass","Pass","Pass","ND","2756509"
"CAMs","Gamma-protocadherin-A3","Q91XY5","N144/17","PCDHGA3","N144_17.pdf","IgG1","Pass","Pass","ND","Pass","2877456"
"CAMs","Gamma-protocadherin-B2","Q91XX7","N148/30","PCDHGB2","N148_30.pdf","IgG1","Pass","Pass","ND","Pass","2877457"
"CAMs","Gamma-protocadherin-C3","Q91XX1","N174B/27","PCDHGC3","N174B_27.pdf","IgG1","Pass","ND","ND","ND","2877444"
"CAMs","Gamma-protocadherin-C4","Q91XX0","N193A/13","PCDHGC4","N193A_13.pdf","IgG1","Pass","Fail","ND","ND","2877443"
"Other","Gephyrin","Q9NQX3","L106/83","GPHN","L106_83.pdf","IgG2b","Pass","Pass","Pass","ND","2877613"
"Other","Gephyrin","Q9NQX3","L106/93","GPHN","L106_93.pdf","IgG2a","Pass","Pass","Pass","ND","2877605"
"Other","Gephyrin","Q9NQX3","L106/4","GPHN","L106_4.pdf","IgG1","Fail","Pass","Pass","ND","2877557"
"Other","GFAP","P14136","N206A/8","GFAP","N206A_8.pdf","IgG1","Pass","Pass","Pass","Pass","2877343"
"Rare Disease","GFAP R416WT","P14136","N206B/9","GFAP","N206B_9.pdf","IgG1","Pass","Pass","Pass","Pass","2877358"
"Tag","GFP","P42212","N86/8","----","N86_8.pdf","IgG2a","Pass","NA","NA","NA","2313651"
"Tag","GFP","P42212","N86/38","----","N86_38.pdf","IgG2a","Pass","NA","NA","NA","2877499"
"Tag","GFP","P42212","N86/20","----","N86_20.pdf","IgG1","Pass","NA","NA","NA","2877183"
"Tag","GFP","P42212","N86/44","----","N86_44.pdf","IgG2b","Pass","NA","NA","NA","2877575"
"Scaffolds","GIT1","Q9Z272","N39B/8","GIT1","N39B_8.pdf","IgG1","Pass","Pass","Pass","Pass","2877278"
"Scaffolds","GIT2","Q14161","N83/48","GIT2","N83_48.pdf","IgG1","Pass","ND","Pass","ND","2877504"
"Receptors","GluA1/GluR1 glutamate receptor","P19490","N355/1","GRIA1","N355_1.pdf","IgG1","Pass","Pass","Pass","ND","2877405"
"Receptors","GluA2/GluR2 glutamate receptor","P19491","L21/32","GRIA2","L21_32.pdf","IgG1","Pass","Pass","Pass","Pass","2877267"
"Receptors","GluK5/Grik5/KA2 kainate receptor","Q63273","N279B/27","GRIK5","N279B_27.pdf","IgG2a","Pass","Pass","Pass","Pass","2877206"
"Receptors","GluN1/NR1 glutamate receptor","P35439-2","N308/48","GRIN1","N308_48.pdf","IgG1","Pass","Pass","Pass","ND","2877408"
"Receptors","GluN2A/NR2A glutamate receptor","Q00959","N327A/38","GRIN2A","N327A_38.pdf","IgG2b","Pass","Pass","Pass","ND","2877420"
"Receptors","GluN2A/NR2A glutamate receptor","Q00959","N327/95","GRIN2A","N327_95.pdf","IgG2a","Pass","Pass","Pass","ND","2877414"
"Receptors","GluN2B/NR2B glutamate receptor","Q00960","N59/20","GRIN2B","N59_20.pdf","IgG2a","Pass","Pass","Pass","Pass","2877289"
"Receptors","GluN2B/NR2B glutamate receptor","Q00960","N59/36","GRIN2B","N59_36.pdf","IgG2b","Pass","Pass","Pass","Pass","2877296"
"Receptors","GluN2C/NR2C glutamate receptor","Q00961","N422/18","GRIN2C","N422_18.pdf","IgG1","Pass","Pass","Pass","Pass","2877203"
"Receptors","GluN3A/NR3A glutamate receptor","A2AIR5","N416/40","GRIN3A","N416_40.pdf","IgG2a","Pass","Pass","Pass","ND","2877604"
"Receptors","Glycine receptor Alpha3","O75311","N424/45","GLRA3","N424_45.pdf","IgG2a","Pass","Pass","ND","ND","2877586"
"Receptors","Glycine receptor Alpha3L","O75311","N424/48","GLRA3","N424_48.pdf","IgG1","Pass","NA","NA","ND","2877214"
"Other","GRK6A + B","O70293","N142/28","GRK6","N142_28.pdf","IgG1","Pass","ND","ND","ND","2877541"
"Other","Gs protein, alpha subunit","P04896-2","N192/12","GNAS","N192_12.pdf","IgG1","Pass","Pass","ND","ND","2877469"
"Tag","GST","P08515","N100/13","----","N100_13.pdf","IgG1","NA","NA","NA","NA","2877255"
"Epigenetics","Haspin/GSG2","Q8TF76","N128A/2","GSG2","N128A_2.pdf","IgG1","Pass","ND","ND","ND","2877534"
"Ion channels","HCN1","Q9JKB0","N70/28","HCN1","N70_28.pdf","IgG1","Pass","Pass","Pass","Pass","2877279"
"Ion channels","HCN2","Q9JKA9","N71/37","HCN2","N71_37.pdf","IgG1","Pass","Pass","Pass","ND","2877313"
"Ion channels","HCN3","O88705","N141/28","HCN3","N141_28.pdf","IgG1","Pass","Pass","Pass","Pass","2877389"
"Ion channels","HCN4","Q9Y3Q4","N114/10","HCN4","N114_10.pdf","IgG1","Pass","Pass","Pass","ND","2877373"
"Epigenetics","Histone H2A.Z/V","P0C0S5","N310/21","H2AFZ","N310_21.pdf","IgG1","NA","NA","NA","NA","2877247"
"Epigenetics","Histone H2A.Z-acetyl-Lys4/7/11","P0C0S5","N299/39","H2AFZ","N299_39.pdf","IgG1","NA","NA","NA","NA","2877248"
"Epigenetics","Histone H3.3","P84245","N158/28","H3F3A","N158_28.pdf","IgG1","ND","ND","Pass","ND","2877261"
"Epigenetics","Histone H3-acetyl-Lys56","P68431","N307/12","HISTIH3J","N307_12.pdf","IgG1","NA","NA","NA","NA","2877243"
"Epigenetics","Histone H3-dimethyl-Arg8","P68431","N293/50","HISTIH3J","N293_50.pdf","IgG1","NA","NA","NA","NA","2877249"
"Epigenetics","Histone H3-pThr11","Q6LED0","N123/19","HISTIH3J","N123_19.pdf","IgG1","NA","NA","NA","NA","2877259"
"Epigenetics","Histone H3-pThr11","Q6LED0","N123/48","HISTIH3J","N123_48.pdf","IgG1","NA","NA","NA","NA","2877258"
"Epigenetics","Histone H4-dimethyl-Arg3","P62805","N309A/21","HIST4H4","N309A_21.pdf","IgG2b","NA","NA","NA","NA","2877250"
"Scaffolds","Homer1L","Q9Z2Y3","L113/27","HOMER1","L113_27.pdf","IgG2b","Pass","Fail","Pass","ND","2877572"
"Scaffolds","Homer1L","Q9Z2Y3","L113/13","HOMER1","L113_13.pdf","IgG1","Pass","Pass","Pass","ND","2721065"
"Scaffolds","Homer1L + Homer1S","Q9Z2Y3","L113/130","HOMER1","L113_130.pdf","IgG1","Pass","Pass","Pass","ND","2877198"
"Rare Disease","ICK","Q9JKV2","N451/73","ICK","N451_73.pdf","IgG1","Pass","Pass","Pass","ND","2877594"
"Other","Iduna/RNF146","Q9CZW6","N201/35","RNF146","N201_35.pdf","IgG1","Pass","Pass","ND","ND","2877447"
"Other","INPP4b","O15327","N171/17","INPP4B","N171_17.pdf","IgG1","Pass","Pass","Fail","ND","2877209"
"Ion channels","IP3 receptor, type 1","P29994","L24/18","ITPR1","L24_18.pdf","IgG1","Pass","Pass","Pass","ND","2877314"
"Other","IRSp53/BAIAP2","Q9UQB8","L117/1","BAIAP2","L117_1.pdf","IgG1","Pass","Pass","Pass","ND","2877592"
"Other","JIP-2/IB-2","Q9ERE9","N135/37","MAPK8IP2","N135_37.pdf","IgG1","Pass","Pass","Pass","Pass","2877344"
"Epigenetics","JMJD2A","O75164","N154/32","KDM4A","N154_32.pdf","IgG1","Pass","ND","ND","ND","2877542"
"Transporters","KCC2","Q63633","N1/66","SLC12A5","N1_66.pdf","IgG1","Pass","Pass","Pass","ND","2877374"
"Transporters","KCC2","Q63633","N1/12","SLC12A5","N1_12.pdf","IgG2a","Pass","Pass","Pass","ND","2877330"
"K+ channels","KChIP1 K+ channel","Q8R426","K55/7","KCNIP1","K55_7.pdf","IgG1","Pass","Pass","Pass","ND","2314687"
"K+ channels","KChIP2b K+ channel","Q9JM59","K60/73","KCNIP2","K60_73.pdf","IgG1","Pass","Pass","Pass","ND","2877315"
"K+ channels","KChIP3 K+ channel","Q9JM47","K66/38","KCNIP3","K66_38.pdf","IgG2a","Pass","Pass","Pass","Pass","2877337"
"K+ channels","KChIP4 K+ channel","Q3YAB7","N423/75","KCNIP4","N423_75.pdf","IgG2a","Pass","Pass","Pass","Pass","2877622"
"K+ channels","KCNT1/Slo2.2/Slack K+ channel","Q9Z258","N3/26","KCNT1","N3_26.pdf","IgG1","Pass","Pass","Pass","Pass","2877391"
"K+ channels","KCNT2/Slo2.1/Slick K+ channel","D3Z649","N11/33","KCNT2","N11_33.pdf","IgG1","Pass","Pass","Pass","Pass","2877390"
"K+ channels","KCNU1/Slo3 maxi-K+ channel","O54982","N2/16","KCNU1","N2_16.pdf","IgG1","Pass","NA","NA","Pass","2877513"
"Tag","Keyhole limpet hemocyanin (KLH)","P81732","N132A/12","----","N132A_12.pdf","IgG1","NA","NA","NA","NA","2877264"
"K+ channels","Kir2.1 K+ channel","P35561","N112B/14","KCNJ2","N112B_14.pdf","IgG1","Pass","ND","Pass","ND","2877528"
"K+ channels","Kir2.2 K+ channel","P52188","N124B/38","KCNJ12","N124B_38.pdf","IgG1","Pass","ND","ND","ND","2877543"
"K+ channels","Kir2.3 K+ channel","P48050","N25/35","KCNJ4","N25_35.pdf","IgG1","Pass","Pass","Pass","ND","2877375"
"K+ channels","Kir2.4 K+ channel","Q8JZN3","N465/11","KCNJ14","N465_11.pdf","IgG1","Pass","Fail","Pass","ND","2877566"
"K+ channels","Kir3.3 K+ channel","P48543","N455/15","KCNJ9","N455_15.pdf","IgG2a","Pass","Pass","Pass","Pass","2877204"
"K+ channels","Kir6.1 K+ channel","Q63664","N366/60","KCNJ8","N366_60.pdf","IgG2a","Pass","Pass","Pass","ND","2877227"
"K+ channels","Kir6.2 K+ channel","P70673","N363/71","KCNJ11","N363_71.pdf","IgG1","Pass","Fail","Pass","ND","2877568"
"CAMs","Kirrel3, short and long","Q09GS6","N321C/49","KIRREL3","N321C_49.pdf","IgG2b","Pass","Pass","ND","ND","2877477"
"CAMs","Kirrel3, short isoform 3","Q8BR86-3","N320/48","KIRREL3","N320_48.pdf","IgG2a","Pass","Fail","Pass","ND","2877224"
"K+ channels","Kv1.1 K+ channel","P10499","K20/78","KCNA1","K20_78.pdf","IgG1","Pass","Pass","Pass","Pass","2314713"
"K+ channels","Kv1.1 K+ channel (external)","P10499","K36/15","KCNA1","K36_15.pdf","IgG2b","Pass","Pass","Pass","Pass","2877294"
"K+ channels","Kv1.2 K+ channel","P16389","K14/16","KCNA2","K14_16.pdf","IgG2b","Pass","Pass","Pass","Pass","2877295"
"K+ channels","Kv1.2 K+ channel","P16389","L76/36","KCNA2","L76_36.pdf","IgG2a","Pass","Pass","Pass","Pass","2877431"
"K+ channels","Kv1.3 K+ channel","P15384","L23/27","KCNA3","L23_27.pdf","IgG1","Pass","Pass","Pass","ND","2877316"
"K+ channels","Kv1.4 K+ channel","P15385","K13/31","KCNA4","K13_31.pdf","IgG1","Pass","Pass","Pass","ND","2877317"
"K+ channels","Kv1.4 K+ channel (extracellular)","P15385","L71/5","KCNA4","L71_5.pdf","IgG1","Pass","Fail","Fail","ND","2877393"
"K+ channels","Kv1.5 K+ channel","P19024","K7/45","KCNA5","K7_45.pdf","IgG1","Pass","Fail","Fail","ND","2877491"
"K+ channels","Kv1.6 K+ channel","P17659","K19/36","KCNA6","K19_36.pdf","IgG3","Pass","Fail","Pass","ND","2877506"
"K+ channels","Kv1.7 K+ channel","Q17ST2","N471/27","KCNA7","N471_27.pdf","IgG1","Pass","NA","NA","ND","2877232"
"K+ channels","Kv11.3 K+ channel","O54852","N447/24","KCNH7","N447_24.pdf","IgG2b","Pass","Pass","Pass","ND","2877614"
"K+ channels","Kv2.1 K+ channel","P15387","L83/11","KCNB1","L83_11.pdf","IgG2a","Pass","Fail","Fail","Fail","2877392"
"K+ channels","Kv2.1 K+ channel","P15387","K89/34","KCNB1","K89_34.pdf","IgG1","Pass","Pass","Pass","Pass","2877280"
"K+ channels","Kv2.1 K+ channel","P15387","L80/21","KCNB1","L80_21.pdf","IgG3","Pass","Pass","Pass","Pass","2877439"
"K+ channels","Kv2.1 K+ channel (external)","Q14721","K39/25","KCNB1","K39_25.pdf","IgG2a","Pass","Pass","ND","ND","2877269"
"K+ channels","Kv2.2 K+ channel","F1LVV2","K37/89","KCNB2","K37_89.pdf","IgG2a","Pass","Pass","Pass","Pass","2877338"
"K+ channels","Kv2.2 K+ channel","F1LVV2","N372C/51","KCNB2","N372C_51.pdf","IgG1","Pass","Pass","Pass","Pass","2877424"
"K+ channels","Kv2.2 K+ channel","F1LVV2","N372B/60","KCNB2","N372B_60.pdf","IgG2b","Pass","Pass","Pass","Pass","2877437"
"K+ channels","Kv2.2 K+ channel","F1LVV2","N372B/1","KCNB2","N372B_1.pdf","IgG1","Pass","Pass","Pass","Pass","2877423"
"K+ channels","Kv3.1b K+ channel","P25122","N16B/8","KCNC1","N16B_8.pdf","IgG1","Pass","Pass","Pass","ND","2877376"
"K+ channels","Kv3.2 K+ channel","P22462-3","N410/17","KCNC2","N410_17.pdf","IgG1","Pass","Pass","Pass","Pass","2877619"
"K+ channels","Kv3.3 K+ channel","Q63959","N375/67","KCNC3","N375_67.pdf","IgG1","Pass","Pass","Pass","ND","2877406"
"K+ channels","Kv3.4 K+ channel","Q63734","N72/16","KCNC4","N72_16.pdf","IgG1","Pass","Pass","Pass","ND","2877318"
"K+ channels","Kv4.2 K+ channel","Q63881","L28/4","KCND2","L28_4.pdf","IgG1","Pass","Pass","Pass","Pass","2877425"
"K+ channels","Kv4.2 K+ channel (external)","Q9NZV8","K57/1","KCND2","K57_1.pdf","IgG1","Pass","Pass","Pass","Pass","2877281"
"K+ channels","Kv4.3 K+ channel","Q62897","K75/41","KCND3","K75_41.pdf","IgG1","Pass","Pass","Pass","Pass","2314723"
"K+ channels","Kv4.3 K+ channel","Q62897","K75/30","KCND3","K75_30.pdf","IgG2a","Pass","Pass","Pass","ND","2756366"
"K+ channels","Kv6.1 K+ channel","A2BDX4","N474/27","KCNG1","N474_27.pdf","IgG1","Pass","NA","NA","ND","2716258"
"K+ channels","Kv6.4 K+ channel","Q80XM3","N458/10","KCNG4","N458_10.pdf","IgG2a","Pass","NA","NA","ND","2877578"
"K+ channels","Kv7.1/KCNQ1 K+ channel","P51787","N37A/10","KCNQ1","N37A_10.pdf","IgG1","Pass","Fail","Fail","ND","2877532"
"K+ channels","Kv7.2/KCNQ2 K+ channel","O43526","N26A/23","KCNQ2","N26A_23.pdf","IgG1","Pass","Fail","Pass","ND","2877496"
"K+ channels","Kv7.4/KCNQ4 K+ channel","P56696","N43/6","KCNQ4","N43_6.pdf","IgG1","Pass","Pass","ND","ND","2877440"
"K+ channels","Kv8.2 K+ channel","Q8CFS6","N448/88","KCNV2","N448_88.pdf","IgG2b","Pass","Pass","Fail","ND","2877584"
"K+ channels","Kv8.2 K+ channel","Q8CFS6","N448/50","KCNV2","N448_50.pdf","IgG2b","Pass","Pass","Pass","Pass","2827972"
"K+ channels","Kv9.1 K+ channel","O35173","N461/19","KCNS1","N461_19.pdf","IgG2b","Pass","Pass","Fail","ND","2877583"
"K+ channels","Kv9.2 K+ channel","O35174","N460/19","KCNS2","N460_19.pdf","IgG1","Pass","Pass","Fail","ND","2877582"
"K+ channels","Kvbeta1.1/KCNAB1 K+ channel","P63143","K9/40","KCNAB1","K9_40.pdf","IgG2b","Pass","Fail","Pass","Pass","2877488"
"K+ channels","Kvbeta1.2/KCNAB1 K+ channel","Q14722-3","K47/42","KCNAB1","K47_42.pdf","IgG1","Pass","Pass","Pass","Pass","2877282"
"K+ channels","Kvbeta2/KCNAB2 K+ channel","P62482","K17/70","KCNAB2","K17_70.pdf","IgG1","Pass","Pass","Pass","Pass","2877283"
"Rare Disease","Laforin","O95278","N84/37","EPM2A","N84_37.pdf","IgG1","Pass","Pass","ND","ND","2877194"
"CAMs","LAR/PTPRF","P10586","N165/38","PTPRF","N165_38.pdf","IgG2a","Pass","Pass","ND","ND","2877452"
"Other","Lgi1","Q9JIA1","N283/7","LGI1","N283_7.pdf","IgG2a","Pass","Pass","Pass","Pass","2877432"
"Other","Lhx6.1","Q9R1R0","N228A/16","LHX6","N228A_16.pdf","IgG1","Pass","ND","ND","ND","2877544"
"Receptors","LRP4 (cytoplasmic)","Q8VI56","N164/6","LRP4","N164_6.pdf","IgG1","Pass","Pass","ND","ND","2877441"
"Receptors","LRP4 (extracellular)","Q8VI56","N207/27","LRP4","N207_27.pdf","IgG2a","Pass","Pass","ND","ND","2877453"
"Other","LRRK1","Q38SD2","N341/37","LRRK1","N341_37.pdf","IgG2a","Pass","Pass","Fail","Pass","2877468"
"Other","LRRK1","Q38SD2","N341/12","LRRK1","N341_12.pdf","IgG1","Pass","Pass","Fail","Pass","2877466"
"Other","LRRK2/Dardarin, C-terminus","Q5S007","N241A/34","LRRK2","N241A_34.pdf","IgG2a","Pass","Pass","Pass","Pass","2877351"
"Other","LRRK2/Dardarin, N3 (non-mouse-reactive)","Q5S007","N231B/34","LRRK2","N231B_34.pdf","IgG2a","Pass","Pass","Pass","Pass","2877433"
"Other","LRRK2/Dardarin, N-terminus","Q5S007","8G10","LRRK2","8G10.pdf","IgG1","Pass","Pass","Pass","Pass","2877359"
"Other","LRRK2/Dardarin, N-terminus","Q5S007","N138/6","LRRK2","N138_6.pdf","IgG1","Pass","Pass","ND","Pass","2877458"
"Other","LRRK2/Dardarin-pSer910","Q5S007","1D8","LRRK2","1D8.pdf","IgG2a","ND","ND","ND","ND","2877265"
"CAMs","LRRTM2","O43300","N209C/35","LRRTM2","N209C_35.pdf","IgG1","Pass","Pass","ND","Pass","2877398"
"CAMs","LRRTM4","Q86VH4","N205B/22","LRRTM4","N205B_22.pdf","IgG1","Pass","Pass","ND","ND","2877448"
"Other","Mad3","Q9BW11","N129A/6","MXD3","N129A_6.pdf","IgG2b","Pass","ND","ND","ND","2877545"
"Other","Mad3 (human)","Q9BW11","N129/15","MXD3","N129_15.pdf","IgG2b","Pass","ND","ND","ND","2877551"
"Rare Disease","Malin","Q6VVB1","N85/18","NHLRC1","N85_18.pdf","IgG1","Pass","Fail","ND","ND","2877300"
"Tag","Maltose binding protein (MBP)","P0AEX9","N128A/4","----","N128A_4.pdf","IgG2a","NA","NA","NA","NA","2877256"
"Other","MAP3K12","Q60700","N377/20","MAP3K12","N377_20.pdf","IgG2a","Pass","Pass","Pass","Pass","2877434"
"Other","MAP3K12","Q60700","N377/83","MAP3K12","N377_83.pdf","IgG1","Pass","Pass","Pass","Pass","2877426"
"Rare Disease","MECP2","P51608","N227/21","MECP2","N227_21.pdf","IgG1","ND","Fail","Pass","ND","2877252"
"Other","MESD","Q9ERE7","N88/12","MESDC2","N88_12.pdf","IgG2b","Pass","Pass","ND","ND","2877305"
"Other","MFF","Q9GZY8","N382/14","MFF","N382_14.pdf","IgG1","Pass","Pass","Pass","Pass","2877427"
"Other","MFF (exon 1)","Q9GZY8","N382/69","MFF","N382_69.pdf","IgG1","Pass","Pass","Pass","Pass","2877428"
"Other","MGL","Q8R431","N90/20","MGLL","N90_20.pdf","IgG2b","ND","ND","ND","ND","2877260"
"Receptors","mGluR1/5 (Group I) glutamate receptor","P31424","N75/3","GRM5","N75_3.pdf","IgG2a","Pass","Pass","Pass","ND","2877331"
"Receptors","mGluR1/5 (Group I) glutamate receptor","P31424","N75/33","GRM5","N75_33.pdf","IgG1","Pass","Pass","Pass","ND","2877319"
"Other","Miro2","Q8IXI1","N384/63","RHOT2","N384_63.pdf","IgG1","Pass","Pass","Pass","ND","2877407"
"K+ channels","MiRP4 K+ channel","Q9UJ90","N472/88","KCNE5","N472_88.pdf","IgG2a","Pass","NA","NA","ND","2877577"
"Other","Mitofusin-1","Q811U4","N111/24","MFN1","N111_24.pdf","IgG1","Pass","Pass","Pass","Pass","2877369"
"Other","Mitofusin-2","Q80U63","N153/5","MFN2","N153_5.pdf","IgG2a","Pass","Pass","ND","Pass","2877370"
"Rare Disease","MMACHC","Q9Y4U1","N230/21","MMACHC","N230_21.pdf","IgG1","Pass","Fail","Fail","ND","2877366"
"Other","MMP9","P50282","L51/82","MMP9","L51_82.pdf","IgG2a","Pass","Pass","ND","ND","2877191"
"Other","MOG","Q6MFX9","L94/54","MOG","L94_54.pdf","IgG2b","Pass","Fail","Pass","ND","2877571"
"Other","Mortalin/GRP75","P38647","N52A/42","HSPA9","N52A_42.pdf","IgG1","Pass","Pass","Pass","ND","2877320"
"Epigenetics","MPP8","Q99549","N119/44","MPHOSPH8","N119_44.pdf","IgG2b","Pass","ND","ND","ND","2877546"
"Ion channels","NALCN","Q6Q760","N185/7","NALCN","N185_7.pdf","IgG1","Pass","Pass","Fail","ND","2877446"
"Na+ channels","Nav1.1 Na+ channel","P04774","K74/71","SCN1A","K74_71.pdf","IgG1","Pass","Pass","Pass","ND","2877321"
"Na+ channels","Nav1.2 Na+ channel","P04775","K69/3","SCN2A","K69_3.pdf","IgG2a","Pass","Pass","Pass","ND","2314861"
"Na+ channels","Nav1.4 Na+ channel","P15390","N255/38","SCN4A","N255_38.pdf","IgG2a","Pass","Fail","Pass","ND","2877201"
"Na+ channels","Nav1.5 Na+ channel","Q14524","N397/19","SCN5A","N397_19.pdf","IgG1","Pass","NA","NA","NA","2877574"
"Na+ channels","Nav1.6 Na+ channel","O88420","K87A/10","SCN8A","K87A_10.pdf","IgG1","Pass","Fail","Pass","Pass","2877193"
"Na+ channels","Nav1.7 Na+ channel","Q15858","N68/6","SCN9A","N68_6.pdf","IgG1","Pass","NA","NA","ND","2877500"
"Na+ channels","Nav1.8 Na+ channel","Q62968","N134/12","SCN10A","N134_12.pdf","IgG2a","Pass","Fail","Fail","Pass","2877507"
"Na+ channels","Navbeta1 Na+ channel","Q00954","N405/74","SCN1B","N405_74.pdf","IgG2a","Pass","Fail","Pass","ND","2877220"
"Na+ channels","Navbeta2 Na+ channel","Q56A07","N395/68","SCN2B","N395_68.pdf","IgG2b","Pass","Pass","Pass","Pass","2877429"
"Na+ channels","Navbeta3 Na+ channel","Q9JK00","N396/29","SCN3B","N396_29.pdf","IgG2b","Pass","Pass","Fail","ND","2877585"
"Na+ channels","Navbeta4 Na+ channel","Q7M730","N168/6","SCN4B","N168_6.pdf","IgG1","Pass","Fail","Pass","ND","2877511"
"Transporters","NCKX4 Na+/Ca2+/K+ exchanger","Q8NFF2-3","N414/25","SLC24A4","N414_25.pdf","IgG2b","Pass","Pass","Pass","Pass","2877624"
"Other","Neurabin-1/Ppp1r9a","Q7TN74","L129/93","PPP1R9A","L129/93","IgG1","Pass","Pass","Pass","ND","2833036"
"Other","Neurabin-1/Ppp1r9a","Q7TN74","L129/96","PPP1R9A","L129/96","IgG2b","Pass","Fail","Pass","ND","2833037"
"Other","Neuregulin-CRD (Cysteine-rich domain, Type III)","Q96IB3","N126B/31","NRG1","N126B_31.pdf","IgG2b","Pass","ND","ND","ND","2877547"
"Other","Neuregulin-HBD (Heparin binding domain, Type I/II)","Q02297","N120A/9","NRG1","N120A_9.pdf","IgG2a","Pass","ND","ND","ND","2877550"
"CAMs","Neurexin-1-Beta","P58400","N170A/1","NRXN1","N170A_1.pdf","IgG1","Pass","Fail","Fail","ND","2877537"
"CAMs","Neurexin-1-Beta","P58400","N170A/26","NRXN1","N170A_26.pdf","IgG1","Pass","Fail","Fail","ND","2877536"
"CAMs","Neuroligin-1","Q62765","N97A/31","NLGN1","N97A_31.pdf","IgG1","Pass","Pass","Pass","Pass","2877345"
"CAMs","Neuroligin-2","Q69ZK9","L107/39","NLGN2","L107_39.pdf","IgG1","Pass","Pass","Pass","ND","2877595"
"CAMs","Neuroligin-3","Q62889","N110/29","NLGN3","N110_29.pdf","IgG1","Pass","Pass","Pass","Pass","2877346"
"CAMs","Neuroligin-4*","B0F2B4","N98/47","NLGN4X","N98_47.pdf","IgG1","Pass","Pass","ND","ND","2877211"
"CAMs","Neuroligin-4*","B0F2B4","N98/7","NLGN4X","N98_7.pdf","IgG1","Pass","Pass","ND","ND","2877304"
"CAMs","NGL-1/LRRC4C","Q9HCJ2","N49A/21","LRRC4C","N49A_21.pdf","IgG1","Pass","Fail","ND","ND","2877494"
"CAMs","NGL-2/LRRC4","Q99PH1","N50/36","LRRC4","N50_36.pdf","IgG1","Pass","Pass","ND","Pass","2877270"
"CAMs","NGL-3/LRRC4B","P0CC10","N51/6","LRRC4B","N51_6.pdf","IgG1","Pass","Fail","ND","ND","2877495"
"Transporters","NKCC1","P55011","N161/20","SLC12A2","N161_20.pdf","IgG1","Fail","Fail","Fail","ND","2877263"
"Other","nNOS/NOS1","P29475","L121/25","NOS1","L121_25.pdf","IgG2b","Pass","Pass","Fail","ND","2877235"
"Other","nNOS/NOS1","P29475","L121/42","NOS1","L121_42.pdf","IgG2b","Pass","Pass","Pass","ND","2877238"
"Receptors","Notch1","Q01705","N253/32","NOTCH1","N253_32.pdf","IgG1","Pass","Pass","ND","ND","2877395"
"Other","Npas4","Q8CJH6","N408/62","NPAS4","N408_62.pdf","IgG2b","Pass","Pass","Pass","ND","2877226"
"Other","Npas4","Q8CJH6","N408/79","NPAS4","N408_79.pdf","IgG1","Pass","Pass","Pass","ND","2877229"
"Other","NPY/Neuropeptide Y","P01303","L115/13","NPY","L115_13.pdf","IgG2a","Pass","Fail","Pass","ND","2877570"
"Receptors","NPY2R/Neuropeptide Y receptor type 2","P49146","L119/106","NPY2R","L119_106.pdf","IgG2a","Pass","Pass","Pass","ND","2877607"
"CAMs","NrCAM","Q810U4","N343/26","NRCAM","N343_26.pdf","IgG2a","Pass","Pass","Fail","ND","2877465"
"Epigenetics","NSD1","Q96L73","N312/10","NSD1","N312_10.pdf","IgG2b","Pass","ND","ND","ND","2877552"
"Epigenetics","NSD3","Q9BZ95","N348/82","WHSC1L1","N348_82.pdf","IgG1","Pass","Pass","Pass","ND","2877409"
"Other","OCRL/INPP5b","Q01968","N166A/26","OCRL","N166A_26.pdf","IgG1","Pass","Pass","ND","ND","2877449"
"Other","Olig1","Q9JKN5","N149/25","OLIG1","N149_25.pdf","IgG1","Pass","ND","Pass","ND","2877515"
"Scaffolds","Pan-Ankyrin","P16157","N388A/60","ANK1","N388A_60.pdf","IgG1","Pass","Pass","Pass","NA","2877587"
"Other","Pancortin","Q99784","K96/7","OLFM1","K96_7.pdf","IgG1","Pass","Pass","Pass","Pass","2877284"
"Other","Pan-FHF-A","Q92913","N235/22","FGF13","N235_22.pdf","IgG2b","Pass","Pass","Pass","ND","2877386"
"CAMs","Pan-Gamma-protocadherin-A","Q91XY5","N144/32","PCDHGA3","N144_32.pdf","IgG2b","Pass","Pass","ND","Pass","2877459"
"CAMs","Pan-Gamma-protocadherin-Constant","Q91XZ0","N159/5","PCDHGA1","N159_5.pdf","IgG1","Pass","Pass","Pass","Pass","2877195"
"Other","Pan-GRK","Q8VEB1","N145/20","GRK5","N145_20.pdf","IgG1","Pass","Pass","ND","ND","2877450"
"K+ channels","Pan-KChIP K+ channel","Q8R426","K55/82","KCNIP1","K55_82.pdf","IgG2a","Pass","Pass","Pass","ND","2877332"
"K+ channels","Pan-Kvbeta K+ channel","P63144","K40/17","KCNAB1","K40_17.pdf","IgG2a","Pass","Pass","Pass","ND","2877333"
"K+ channels","Pan-Kvbeta K+ channel","Q13303","K25/73","KCNAB2","K25_73.pdf","IgG1","Pass","Pass","Pass","NA","2877228"
"Scaffolds","Pan-MAGUK","P78352","K28/86","DLG4","K28_86.pdf","IgG1","Pass","Pass","Pass","ND","2877192"
"Na+ channels","Pan-Nav1 Na+ channel","P35498","N419/40","SCN1A","N419_40.pdf","IgG2a","Pass","Pass","Pass","NA","2877589"
"Na+ channels","Pan-Nav1 Na+ channel","P35498","N419/78","SCN1A","N419_78.pdf","IgG1","Pass","Pass","Pass","NA","2877588"
"CAMs","Pan-Neurofascin","P97685","L11A/41","NFASC","L11A_41.pdf","IgG1","Pass","Pass","Pass","ND","2877322"
"CAMs","Pan-Neurofascin (extracellular)","P97685","A12/18","NFASC","A12_18.pdf","IgG2a","Pass","Pass","Pass","ND","2877334"
"Other","Pannexin-2","P60571","N121A/1","PANX2","N121A_1.pdf","IgG2a","Pass","Fail","Pass","ND","2877519"
"Other","Pannexin-2","P60571","N121A/31","PANX2","N121A_31.pdf","IgG1","Pass","Fail","Pass","ND","2877516"
"CAMs","Pan-PTPR","P10586","N165/43","PTPRF","N165_43.pdf","IgG2a","Pass","Pass","ND","ND","2877454"
"Other","Pan-QKI","Q96PU8","N147/6","QKI","N147_6.pdf","IgG2b","Pass","Pass","Pass","ND","2877387"
"Scaffolds","Pan-SAPAP","P97836","N127/31","DLGAP1","N127_31.pdf","IgG2b","Pass","Pass","Pass","ND","2877388"
"Scaffolds","Pan-Shank","Q9QX74","N23B/49","SHANK2","N23B_49.pdf","IgG1","Pass","Pass","Pass","ND","2877323"
"Other","Pan-Synapsin","O14994","L125/129","SYN3","L125_129.pdf","IgG2b","Pass","Pass","Pass","NA","2728740"
"Receptors","Pan-Thyroid hormone receptor","P10827-2","N403/63","THRA","N403_63.pdf","IgG2b","Pass","Pass","Pass","NA","2877591"
"Other","PARIS/ZNF746","Q6NUN9","N196/16","ZNF746","N196_16.pdf","IgG1","Pass","Pass","Pass","ND","2877460"
"Other","Parvalbumin","P02625","L114/3","PVALB","L114_3.pdf","IgG2a","Pass","Pass","Pass","ND","2877608"
"Other","Parvalbumin","P02625","L114/81","PVALB","L114_81.pdf","IgG1","Pass","Pass","Pass","ND","2877237"
"Rare Disease","PEX6","Q13608","N233/8","PEX6","N233_8.pdf","IgG1","Pass","Pass","ND","ND","2877470"
"Rare Disease","PEX7","O00628","N232/9","PEX7","N232_9.pdf","IgG2b","Pass","Fail","ND","ND","2877539"
"CounterACT","Phosphoserine-2-OEt","","N257/25","----","N257_25.pdf","IgG1","NA","NA","NA","NA","2877245"
"CounterACT","Phosphoserine-2-OH","","N259/48","----","N259_48.pdf","IgG1","NA","NA","NA","NA","2877246"
"CounterACT","Phosphoserine-2-OMe","","N262/16","----","N262_16.pdf","IgG1","NA","NA","NA","NA","2877244"
"Rare Disease","PhyH/PAHX","O14832","N210/5","PHYH","N210_5.pdf","IgG1","Pass","Pass","ND","ND","2877471"
"Scaffolds","PICK1","Q9NRD5","L20/8","PICK1","L20_8.pdf","IgG2a","Pass","Pass","Pass","Pass","2877290"
"Other","PINK1","Q9BXM7","N4/15","PINK1","N4_15.pdf","IgG1","Pass","Pass","Pass","ND","2877520"
"Validation in progress","PINK1","Q9BXM7","N4/49","PINK1","N4_49.pdf","IgG1","Pass","Pass","Pass","ND","2877377"
"Other","PINK1","Q9BXM7","N4/19","PINK1","N4_19.pdf","IgG2b","Pass","Pass","Pass","ND","2877529"
"Other","PINK1","Q9BXM7","N357/6","PINK1","N357_6.pdf","IgG2a","Pass","Pass","ND","ND","2877475"
"Rare Disease","Proser1","Q5PRE5","N456/39","PROSER1","N456_39.pdf","IgG1","Pass","Pass","ND","ND","2877236"
"CAMs","Prrt2","E9PUL5","N485/22","PRRT2","N485_22.pdf","IgG1","Pass","Pass","Pass","Pass","2756511"
"Scaffolds","PSD-93/Chapsyn-110","Q63622","N18/30","DLG2","N18_30.pdf","IgG1","Pass","Pass","Pass","Pass","2877271"
"Scaffolds","PSD-93/Chapsyn-110","Q63622","N18/28","DLG2","N18_28.pdf","IgG2a","Pass","Pass","Pass","Pass","2877362"
"Scaffolds","PSD-95","P78352","K28/43","DLG4","K28_43.pdf","IgG2a","Pass","Pass","Pass","Pass","2877189"
"Scaffolds","PSD-95","P78352","K28/74","DLG4","K28_74.pdf","IgG1","Pass","Pass","ND","Pass","2877478"
"Other","QKI-5","Q96PU8","N195A/16","QKI","N195A_16.pdf","IgG1","Pass","Pass","ND","ND","2877367"
"Other","QKI-6","Q96PU8-2","N182/17","QKI","N182_17.pdf","IgG1","Pass","Pass","Pass","ND","2877378"
"Other","QKI-7","Q96PU8-5","N183/15","QKI","N183_15.pdf","IgG1","Pass","Pass","Pass","ND","2877379"
"Other","QKI-7b","Q96PU8-8","N194/11","QKI","N194_11.pdf","IgG1","Pass","Fail","Pass","ND","2877523"
"Other","RBM17/SPF45","Q96I25","N219/5","RBM17","N219_5.pdf","IgG1","Pass","Pass","Pass","ND","2877380"
"Other","REEP","Q8VCD6","N326D/13","REEP2","N326D_13.pdf","IgG1","Pass","Pass","Pass","NA","2877399"
"Other","REEP1","Q8BGH4","N345/51","REEP1","N345_51.pdf","IgG2b","Pass","Pass","Pass","ND","2877530"
"Other","REEP1 + REEP2","Q8VCD6","N326D/29","REEP2","N326D_29.pdf","IgG1","Pass","Pass","Pass","NA","2877400"
"Other","REEP2","Q8VCD6","N326D/2","REEP2","N326D_2.pdf","IgG2a","Pass","Pass","Pass","NA","2877205"
"Other","Rem2","Q9WTY2","N324/2","REM2","N324_2.pdf","IgG1","Pass","Pass","Pass","ND","2877410"
"Other","RGS14","O08773","N133/21","RGS14","N133_21.pdf","IgG2a","Pass","Pass","Pass","Pass","2877352"
"Other","RGS14","O08773","N133/35","RGS14","N133_35.pdf","IgG1","Pass","Pass","Pass","ND","2877596"
"Other","Rufy3","Q9D394","N483/84","RUFY3","N483_84.pdf","IgG2b","Pass","Pass","Pass","ND","2744556"
"Other","Rufy3","Q9D394","N483/126","RUFY3","N483_126.pdf","IgG1","Pass","Pass","Pass","ND","2744557"
"Other","Rufy3","Q9D394","N483/26","RUFY3","N483_26.pdf","IgG2a","Pass","Pass","Pass","ND","2756365"
"Other","S100A5","P63083","N176A/35","S100A5","N176A_35.pdf","IgG1","Pass","ND","ND","Pass","2877222"
"CAMs","SALM2/LRFN1","Q460M4","N52B/27","LRFN1","N52B_27.pdf","IgG1","Pass","Pass","Pass","ND","2877324"
"CAMs","SALM5/LRFN5","Q8BXA0","N140A/12","LRFN5","N140A_12.pdf","IgG1","Pass","ND","Pass","ND","2877517"
"Scaffolds","SAP102","Q62936","N19/2","DLG3","N19_2.pdf","IgG1","Pass","Pass","Pass","Pass","2877285"
"Scaffolds","SAP97","Q62696","K64/15","DLG1","K64_15.pdf","IgG1","Pass","Pass","Pass","Pass","2877190"
"Scaffolds","SAPAP1","P97836","N238/29","DLGAP1","N238_29.pdf","IgG1","Pass","Pass","Fail","ND","2877581"
"Scaffolds","SAPAP1","P97836","N238/30","DLGAP1","N238_30.pdf","IgG1","Pass","Fail","Pass","ND","2877564"
"Scaffolds","SAPAP1 + SAPAP2","P97836","N238/31","DLGAP1","N238_31.pdf","IgG1","Pass","Pass","Fail","NA","2877445"
"Scaffolds","SAPAP2","P97837","N459/84","DLGAP2","N459_84.pdf","IgG1","Pass","Pass","Pass","ND","2877186"
"Scaffolds","SAPAP3","Q6PFD5","L126/93","DLGAP3","L126_93.pdf","IgG2b","Pass","Pass","Pass","ND","2756364"
"Other","SCG10/Stathmin-2","P21818","L5/1","STMN2","L5_1.pdf","IgG2b","Pass","Fail","Pass","ND","2877505"
"Other","SH3GL1/Endophilin A2","O35964","K51/1","SH3GL1","K51_1.pdf","IgG1","Pass","Pass","Pass","ND","2877325"
"Scaffolds","Shank1","Q9WV48","N22/21","SHANK1","N22_21.pdf","IgG1","Pass","Pass","Pass","ND","2877381"
"Scaffolds","Shank1 + Shank3","Q9JLU4","N367/51","SHANK3","N367_51.pdf","IgG2a","Pass","Pass","Pass","ND","2877415"
"Scaffolds","Shank2","Q9QX74","N23B/6","SHANK2","N23B_6.pdf","IgG1","Pass","Pass","Pass","ND","2877326"
"Scaffolds","Shank3","Q9JLU4","N69/46","SHANK3","N69_46.pdf","IgG2b","Pass","Pass","ND","ND","2877306"
"Scaffolds","Shank3","Q9JLU4","N367/62","SHANK3","N367_62.pdf","IgG2a","Pass","Pass","Pass","Pass","2877435"
"K+ channels","SK2 K+ channel","P70604","K78/29","KCNN2","K78_29.pdf","IgG1","Pass","Pass","Pass","ND","2877597"
"K+ channels","Slo1/BKAlpha maxi-K+ channel","Q08460-2","L6/23","KCNMA1","L6_23.pdf","IgG1","Pass","Pass","Pass","Pass","2877620"
"K+ channels","Slo1/BKAlpha maxi-K+ channel","Q08460-2","L6/48","KCNMA1","L6_48.pdf","IgG1","Pass","Pass","Pass","Pass","2877621"
"K+ channels","Slo1/BKAlpha maxi-K+ channel","Q08460-2","L6/60","KCNMA1","L6_60.pdf","IgG2a","Pass","Pass","Pass","Pass","2877291"
"Other","Snapin/SNAPAP","O95295","L8/15","SNAPIN","L8_15.pdf","IgG1","Pass","Fail","Pass","ND","2877497"
"Transporters","SNAT1","Q9JM15","N104/37","SLC38A1","N104_37.pdf","IgG1","Pass","Pass","ND","ND","2877451"
"Transporters","SNAT1","Q9JM15","N104/32","SLC38A1","N104_32.pdf","IgG1","Pass","Pass","Pass","ND","2877382"
"Other","SST/Somatostatin","P61278","L111/118","SST","L111_118.pdf","IgG1","NA","NA","Pass","ND","2756367"
"Tag","S-tag","P61823","N56/9","----","N56_9.pdf","IgG1","NA","NA","NA","NA","2877257"
"Other","Stonin-2","Q8WXE9","N346/9","STON2","N346_9.pdf","IgG2b","Pass","Pass","Pass","Pass","2877438"
"Receptors","SUR1","Q09429","N289/16","ABCC8","N289_16.pdf","IgG1","Pass","Pass","Pass","Pass","2877360"
"Receptors","SUR1 + SUR2B","Q63563-2","N323A/31","ABCC9","N323A_31.pdf","IgG1","Pass","Pass","Pass","ND","2877411"
"Receptors","SUR2A","P70170","N319A/14","ABCC9","N319A_14.pdf","IgG2a","Pass","Pass","Pass","Pass","2877363"
"Receptors","SUR2B","Q63563-2","N323B/20","ABCC9","N323B_20.pdf","IgG2b","Pass","Pass","Pass","ND","2877615"
"Other","SVOP","Q9Z2I7","N356/9","SVOP","N356_9.pdf","IgG2b","Pass","Pass","Pass","Pass","2877484"
"Other","SVOP","Q9Z2I7","N356/23","SVOP","N356_23.pdf","IgG1","Pass","Pass","ND","Pass","2877479"
"Other","Synapsin-3","O14994","L125/121","SYN3","L125_121.pdf","IgG1","Pass","Pass","Pass","ND","2725817"
"Other","Synaptotagmin-10","Q9R0N4","N269/73","SYT10","N269_73.pdf","IgG1","Pass","Pass","ND","ND","2877368"
"Other","Synaptotagmin-12","Q920N7","N277/7","SYT12","N277_7.pdf","IgG1","Pass","Pass","ND","ND","2877396"
"Other","Synaptotagmin-3","O35681","N278/19","SYT3","N278_19.pdf","IgG1","Pass","Pass","Pass","ND","2877412"
"Other","Synaptotagmin-5","Q9R0N9","N274/8","SYT5","N274_8.pdf","IgG1","Pass","Fail","ND","ND","2877521"
"Other","Synaptotagmin-6","Q9R0N8","N270/47","SYT6","N270_47.pdf","IgG1","Pass","Pass","ND","ND","2877472"
"Other","Synaptotagmin-7","Q9R0N7","N275/14","SYT7","N275_14.pdf","IgG2b","Pass","Pass","Pass","ND","2877421"
"Other","Synaptotagmin-9","Q9R0N5","N276A/15","SYT9","N276A_15.pdf","IgG1","Pass","Pass","ND","ND","2877397"
"CAMs","SynCAM1","Q8R5M8","L45/30","CADM1","L45_30.pdf","IgG1","Pass","Pass","Pass","ND","2877327"
"CAMs","SynCAM4","Q8R464","N244/5","CADM4","N244_5.pdf","IgG1","Pass","Pass","Pass","Pass","2877347"
"CAMs","SynDIG1/Tmem90b","A2ANU3","L42/17","SYNDIG1","L42_17.pdf","IgG2a","Pass","Pass","Pass","ND","2877416"
"CAMs","SynDIG3/Tmem91","Q8C581","N160/21","TMEM91","N160_21.pdf","IgG2b","Pass","Fail","Pass","ND","2877512"
"CAMs","SynDIG4/Prrt1","Q6MG82","L102/45","PRRT1","L102_45.pdf","IgG2a","Pass","Pass","Pass","ND","2877241"
"Rare Disease","Tafazzin","Q16635-3","N173B/13","TAZ","N173B_13.pdf","IgG2b","Pass","Fail","Fail","ND","2877538"
"K+ channels","TALK1 K+ channel","G5E845","N466/14","KCNK16","N466_14.pdf","IgG2a","Pass","Fail","Pass","ND","2877606"
"Receptors","TARPGamma2/Stargazin","Q71RJ2","N245/1","CACNG2","N245_1.pdf","IgG2a","Pass","Pass","ND","Pass","2877208"
"Receptors","TARPGamma2+4+8","Q71RJ2","N245/36","CACNG2","N245_36.pdf","IgG2a","Pass","Pass","ND","ND","2877455"
"K+ channels","TASK1 K+ channel","O54912","N374/48","KCNK3","N374_48.pdf","IgG2b","Pass","Pass","Pass","Pass","2877485"
"Other","Tauro-GM2","","N175/9","----","N175_9.pdf","IgM","ND","ND","ND","ND","2877266"
"Rare Disease","THAP1","Q9NVV9","N325B/65","THAP1","N325B_65.pdf","IgG3","Pass","ND","ND","ND","2877553"
"K+ channels","THIK-2 K+ channel","Q76M80","N468/37","KCNK12","N468_37.pdf","IgG1","Pass","Fail","Pass","ND","2877567"
"Tag","Thioredoxin","P0AA25","N245/44","----","N245_44.pdf","IgG1","NA","NA","NA","NA","2877262"
"Other","Thorase/Atad1","Q9D5T0","N125/10","ATAD1","N125_10.pdf","IgG1","Pass","Pass","Pass","Pass","2877348"
"Receptors","Thyroid hormone receptor beta1","P10828","N402/13","THRB","N402_13.pdf","IgG2b","Pass","Pass","Pass","ND","2877616"
"Receptors","Thyroid hormone receptor beta1","P10828","N402/46","THRB","N402_46.pdf","IgG1","Pass","Pass","Pass","ND","2877598"
"Other","Tiam1","Q60610","L130/1","TIAM1","L130/1","IgG2b","Pass","Pass","Pass","ND","2833038"
"Other","Tmem119","Q8R138","L128/43","TM119","L128/43","IgG1","Pass","Fail","Pass","ND","2833035"
"K+ channels","TRAAK K+ channel","O88454","N445/27","KCNK4","N445_27.pdf","IgG2a","Pass","Fail","Pass","ND","2877569"
"Other","TRAK1","Q9UPV9","N389/9","TRAK1","N389_9.pdf","IgG2b","Pass","Fail","Pass","ND","2877394"
"Other","TRAK2","O60296","N390/43","TRAK2","N390_43.pdf","IgG2a","Pass","Pass","Pass","ND","2877417"
"K+ channels","TRESK K+ channel","Q6VV64","N467/1","KCNK18","N467_1.pdf","IgG2b","Pass","Pass","Fail","ND","2877234"
"Ion channels","TRIP8b (constant)","Q925N3","N212/7","PEX5L","N212_7.pdf","IgG2b","Pass","Pass","Pass","Pass","2877355"
"Ion channels","TRIP8b (constant)","Q925N3","N212/17","PEX5L","N212_17.pdf","IgG2a","Pass","Pass","Pass","Pass","2877353"
"Ion channels","TRIP8b (exon 1a/5)","Q8C437","N291C/22","PEX5L","N291C_22.pdf","IgG1","Pass","Pass","Fail","Pass","2877467"
"Ion channels","TRIP8b (exon 1b)","Q8C437-3","N212A/34","PEX5L","N212A_34.pdf","IgG1","Pass","Pass","Pass","Pass","2877349"
"Ion channels","TRIP8b (exon 4)","Q925N3","N212/3","PEX5L","N212_3.pdf","IgG1","Pass","Pass","Pass","Pass","2877350"
"Trp channels","TrpC1","P48995","1F1","TRPC1","1F1.pdf","IgG1","Pass","Pass","ND","Pass","2877480"
"Trp channels","TrpC4","O35119","N77/15","TRPC4","N77_15.pdf","IgG2b","Pass","Pass","Pass","ND","2877336"
"Trp channels","TrpC5","Q9UL62","N67/15","TRPC5","N67_15.pdf","IgG2b","Pass","Pass","Pass","Pass","2877297"
"Trp channels","TrpC6","Q9Y210","N490/24","TRPC6","N490/24","IgG2b","Pass","Fail","Pass","ND","2833040"
"Trp channels","TrpC7","Q9HCX4","N64A/36","TRPC7","N64A_36.pdf","IgG1","Pass","Pass","Pass","ND","2877486"
"Trp channels","TrpM4","Q8TD43","L88/86","TRPM4","L88_86.pdf","IgM","Pass","Fail","Pass","ND","2716758"
"Trp channels","TrpM6","Q9BX84","N470/22","TRPM6","N470_22.pdf","IgG2a","Pass","NA","NA","ND","2877579"
"Trp channels","TrpM7","Q923J1","N74/25","TRPM7","N74_25.pdf","IgG1","Pass","Fail","Pass","ND","2877498"
"Trp channels","TRPML3/Mucolipin-3","Q8TDD5","N268/19","MCOLN3","N268_19.pdf","IgG2a","Pass","Fail","Fail","ND","2877549"
"Trp channels","TrpV1","O35433","N221/17","TRPV1","N221_17.pdf","IgG1","Pass","Pass","Pass","Pass","2877218"
"Trp channels","TrpV1","O35433","N221/12","TRPV1","N221_12.pdf","IgG1","Pass","Fail","ND","Pass","2877508"
"Trp channels","TrpV3","E9PU00","N15/4","TRPV3","N15_4.pdf","IgG2a","Pass","Fail","Fail","ND","2877493"
"Trp channels","TrpV3","E9PU00","N15/39","TRPV3","N15_39.pdf","IgG1","Pass","Fail","Fail","ND","2877492"
"K+ channels","TWIK-2 K+ channel","Q3TBV4","N469/28","KCNK6","N469_28.pdf","IgG1","Pass","NA","NA","ND","2877215"
"Other","Uncx","O08934","N155/9","UNCX","N155_9.pdf","IgG1","Pass","ND","Pass","ND","2877219"
"Transporters","VAChT","Q16572","N6/38","SLC18A3","N6_38.pdf","IgG1","ND","Fail","Pass","ND","2877554"
"Transporters","VAChT","Q62666","N425/45","SLC18A3","N425_45.pdf","IgG1","Pass","Fail","Pass","ND","2877563"
"Other","VAPA","Q9Z270","N479/12","VAPA","N479_12.pdf","IgG1","Pass","Pass","Pass","Pass","2722707"
"Other","VAPA","Q9Z270","N479/22","VAPA","N479_22.pdf","IgG2a","Pass","Pass","Pass","Pass","2722708"
"Other","VAPA + VAPB","Q9Z270","N479/107","VAPA","N479_107.pdf","IgG2b","Pass","Pass","Pass","NA","2722711"
"Ion channels","VDAC1","P21796","N152B/23","VDAC1","N152B_23.pdf","IgG2a","Pass","Pass","Pass","Pass","2877354"
"Scaffolds","Versican","Q62059","N351/23","VCAN","N351_23.pdf","IgG1","Pass","Pass","ND","Pass","2877481"
"Scaffolds","Versican","Q62059","N351/24","VCAN","N351_24.pdf","IgG2a","Pass","Pass","ND","Pass","2877482"
"Transporters","VGAT","O35633","L118/80","SLC32A1","L118_80.pdf","IgG2a","Pass","Pass","Pass","ND","2877230"
"Transporters","VGAT","O35633","L118/66","SLC32A1","L118_66.pdf","IgG2a","Pass","Pass","Pass","ND","2877180"
"Transporters","VGlut1","Q62634","N28/9","SLC17A7","N28_9.pdf","IgG1","Pass","Pass","Pass","ND","2877383"
"Transporters","VGlut2","Q9JI12","N29/29","SLC17A6","N29_29.pdf","IgG1","Pass","Pass","Pass","ND","2877384"
"Transporters","VGlut3","Q7TSF2","N34/34","SLC17A8","N34_34.pdf","IgG1","Pass","ND","Pass","ND","2877518"
"Other","VIP","P01282","L108/92","VIP","L108_92.pdf","IgG2b","Pass","Fail","Pass","ND","2877573"
"Transporters","VMAT1","Q8R090","N440/21","SLC18A1","N440_21.pdf","IgG1","Pass","Pass","Pass","ND","2877599"
"Transporters","VMAT1","Q8R090","N440/61","SLC18A1","N440_61.pdf","IgG2a","Pass","Pass","Pass","ND","2877609"
"Transporters","VMAT2","Q66L40","N449/73","SLC18A2","N449_73.pdf","IgG2b","Pass","Pass","Fail","ND","2877216"
"Other","VSP","Q4V9E4","N432/21","TPTE","N432_21.pdf","IgG2a","Pass","Pass","ND","ND","2716253"
"Other","VSP","Q4V9E4","N432/63","TPTE","N432_63.pdf","IgG1","Pass","ND","ND","ND","2716254"
"Other","WAVE1/SCAR","Q92558","K91/36","WASF1","K91_36.pdf","IgG1","Pass","Pass","Pass","Pass","2877286"
"Other","WNK1","Q9JIH7","N391/68","WNK1","N391_68.pdf","IgG2b","Pass","Pass","Pass","Pass","2877207"
"Rare Disease","WRN","Q14191","N428/12","WRN","N428_12.pdf","IgG1","Pass","Pass","Pass","ND","2877600"
"Other","Zebrafish PSD Marker","","N286/74","----","N286_74.pdf","IgG1","ND","ND","ND","ND","2877461"
"Other","Zinedin","Q9NRL3","K88/64","STRN4","K88_64.pdf","IgG2a","Pass","Pass","Pass","ND","2877335"
"Transporters","ZIP3","Q99K24","N476/9","SLC39A3","N476_9.pdf","IgG1","Pass","Pass","Pass","ND","2716255"
"Other","ZNF423","Q2M1K9","N328B/37","ZNF423","N328B_37.pdf","IgG1","Pass","Pass","Pass","Pass","2877483"
